order_id,product_id,order_date,ship_date,inventory_level,order_quantity,lead_time_days,logistics_score,on_time_delivery,inventory_shortage
1,151,2023-01-01,2023-01-02,43,30,8,0.6437047982327899,1,1
2,192,2023-01-02,2023-01-03,120,71,6,0.6838929938780764,0,0
3,114,2023-01-03,2023-01-04,273,74,1,0.5290459760401749,1,1
4,171,2023-01-04,2023-01-05,433,96,8,0.5557561061606382,1,0
5,160,2023-01-05,2023-01-06,378,98,8,0.7579309513561641,0,0
6,120,2023-01-06,2023-01-07,245,63,9,0.6337963383639857,0,0
7,182,2023-01-07,2023-01-08,92,28,9,0.9177401128710971,1,0
8,186,2023-01-08,2023-01-09,51,60,2,0.5073466943274769,1,0
9,174,2023-01-09,2023-01-10,434,79,2,0.689547024335968,1,0
10,174,2023-01-10,2023-01-11,110,94,3,0.6686727733845463,0,0
11,187,2023-01-11,2023-01-12,15,37,1,0.5096638154588005,0,0
12,199,2023-01-12,2023-01-13,189,93,4,0.5621841995002551,0,0
13,123,2023-01-13,2023-01-14,291,22,4,0.7068213374593176,0,0
14,102,2023-01-14,2023-01-15,329,68,9,0.7464322922237233,0,0
15,121,2023-01-15,2023-01-16,235,20,9,0.7021448736274345,0,0
16,152,2023-01-16,2023-01-17,452,96,9,0.7654688392060469,0,0
17,101,2023-01-17,2023-01-18,449,68,7,0.7975658374528407,1,1
18,187,2023-01-18,2023-01-19,324,91,2,0.5049619105639178,1,0
19,129,2023-01-19,2023-01-20,374,64,5,0.7320475797267519,0,0
20,137,2023-01-20,2023-01-21,463,17,4,0.9817496204437941,0,0
21,101,2023-01-21,2023-01-22,238,12,8,0.7595161400647743,0,0
22,163,2023-01-22,2023-01-23,386,22,2,0.8387711337294765,1,0
23,159,2023-01-23,2023-01-24,298,17,6,0.6559319289584415,0,0
24,120,2023-01-24,2023-01-25,446,10,5,0.8869956890763813,1,0
25,132,2023-01-25,2023-01-26,159,65,2,0.8864607409380576,1,0
26,175,2023-01-26,2023-01-27,286,22,1,0.7606480238270694,1,1
27,157,2023-01-27,2023-01-28,207,90,8,0.9880069116396069,1,0
28,121,2023-01-28,2023-01-29,79,82,2,0.5627751073813267,1,0
29,188,2023-01-29,2023-01-30,121,50,7,0.5084738324447905,0,1
30,148,2023-01-30,2023-01-31,13,14,9,0.885079105878548,0,0
31,190,2023-01-31,2023-02-01,359,64,9,0.9035777686824413,1,0
32,158,2023-02-01,2023-02-02,340,47,8,0.5601036145602881,0,0
33,141,2023-02-02,2023-02-03,455,29,9,0.632791416479303,1,0
34,191,2023-02-03,2023-02-04,327,76,2,0.5087761816833145,1,0
35,159,2023-02-04,2023-02-05,359,36,6,0.6466543053902823,0,0
36,179,2023-02-05,2023-02-06,104,99,4,0.8865709369593358,0,0
37,114,2023-02-06,2023-02-07,161,52,4,0.7589802638562895,0,0
38,161,2023-02-07,2023-02-08,320,76,5,0.674047796584144,0,0
39,161,2023-02-08,2023-02-09,146,7,3,0.6858696474531651,0,0
40,146,2023-02-09,2023-02-10,256,29,1,0.5006768128577341,1,0
41,161,2023-02-10,2023-02-11,396,11,8,0.6499002637826179,0,1
42,150,2023-02-11,2023-02-12,252,33,5,0.8232293708189653,0,0
43,154,2023-02-12,2023-02-13,40,6,3,0.9870972219081786,0,0
44,163,2023-02-13,2023-02-14,49,79,7,0.9235304134919498,1,0
45,102,2023-02-14,2023-02-15,238,32,7,0.5117974823227646,0,0
46,150,2023-02-15,2023-02-16,45,51,1,0.9492803023374197,1,0
47,106,2023-02-16,2023-02-17,417,75,9,0.891599206649313,0,0
48,120,2023-02-17,2023-02-18,232,58,2,0.8901880617854903,0,1
49,172,2023-02-18,2023-02-19,15,87,5,0.7289978795017857,1,1
50,138,2023-02-19,2023-02-20,331,26,5,0.6990026464772514,0,0
51,117,2023-02-20,2023-02-21,477,98,8,0.6514578644165963,0,0
52,103,2023-02-21,2023-02-22,229,46,8,0.5328474294771829,1,0
53,188,2023-02-22,2023-02-23,84,98,7,0.6141176817468496,0,0
54,159,2023-02-23,2023-02-24,13,29,7,0.6233018174890124,1,0
55,113,2023-02-24,2023-02-25,344,4,6,0.7420385348551009,1,0
56,108,2023-02-25,2023-02-26,143,81,6,0.8737222032983469,1,0
57,189,2023-02-26,2023-02-27,127,99,9,0.7369049141989733,1,0
58,152,2023-02-27,2023-02-28,378,13,6,0.5289222247235803,1,0
59,101,2023-02-28,2023-03-01,103,39,2,0.9788949004941019,0,1
60,183,2023-03-01,2023-03-02,495,15,2,0.9713621595470561,0,0
61,191,2023-03-02,2023-03-03,444,29,5,0.8925947715742042,0,0
62,159,2023-03-03,2023-03-04,71,29,4,0.9956639507821103,1,0
63,170,2023-03-04,2023-03-05,450,75,2,0.7722411664001314,1,0
64,143,2023-03-05,2023-03-06,203,32,3,0.981384175126603,1,0
65,107,2023-03-06,2023-03-07,344,2,7,0.5378025203083754,1,0
66,146,2023-03-07,2023-03-08,212,47,8,0.6828403741306857,0,0
67,134,2023-03-08,2023-03-09,401,78,6,0.6126906340033829,0,0
68,177,2023-03-09,2023-03-10,35,84,5,0.5979165420671351,1,0
69,180,2023-03-10,2023-03-11,444,22,1,0.570401474446338,1,0
70,135,2023-03-11,2023-03-12,182,75,8,0.8112068207829983,0,0
71,149,2023-03-12,2023-03-13,309,27,3,0.8906609278736526,1,1
72,103,2023-03-13,2023-03-14,142,67,6,0.7891491997101803,1,0
73,101,2023-03-14,2023-03-15,335,81,3,0.5734813547941049,1,0
74,105,2023-03-15,2023-03-16,419,56,7,0.9055618849667355,0,0
75,153,2023-03-16,2023-03-17,127,92,7,0.8179773535818642,0,1
76,103,2023-03-17,2023-03-18,333,93,9,0.6940828530634977,1,0
77,153,2023-03-18,2023-03-19,284,21,5,0.8370651477680315,0,0
78,192,2023-03-19,2023-03-20,221,47,8,0.6299524896214164,1,0
79,162,2023-03-20,2023-03-21,234,80,8,0.6725961042471053,1,0
80,117,2023-03-21,2023-03-22,29,59,1,0.958742921565995,0,0
81,189,2023-03-22,2023-03-23,122,84,5,0.6452522528357102,1,0
82,143,2023-03-23,2023-03-24,149,6,3,0.7349941340789683,1,1
83,133,2023-03-24,2023-03-25,56,19,1,0.9450705686980073,0,0
84,173,2023-03-25,2023-03-26,10,57,4,0.8538606751337637,1,0
85,161,2023-03-26,2023-03-27,99,69,8,0.5311016130823514,1,0
86,199,2023-03-27,2023-03-28,151,3,3,0.5736515221394851,1,0
87,113,2023-03-28,2023-03-29,329,1,2,0.5039207953859584,0,1
88,194,2023-03-29,2023-03-30,47,58,9,0.8154608951145816,1,0
89,147,2023-03-30,2023-03-31,302,38,5,0.7238367127052092,0,0
90,114,2023-03-31,2023-04-01,391,15,7,0.5671374254511378,1,0
91,171,2023-04-01,2023-04-02,148,34,2,0.9789670605283852,1,0
92,177,2023-04-02,2023-04-03,365,61,9,0.76482986197281,1,0
93,186,2023-04-03,2023-04-04,342,35,9,0.6209466470564446,1,0
94,161,2023-04-04,2023-04-05,268,64,4,0.7503017855773537,0,1
95,139,2023-04-05,2023-04-06,170,25,4,0.8398101663675539,0,1
96,184,2023-04-06,2023-04-07,399,24,6,0.5381196089867822,1,0
97,179,2023-04-07,2023-04-08,187,12,6,0.637351907523946,1,1
98,181,2023-04-08,2023-04-09,19,18,1,0.9034827454419968,1,0
99,152,2023-04-09,2023-04-10,270,15,9,0.7298324352013306,1,0
100,123,2023-04-10,2023-04-11,416,80,2,0.7732885710161475,1,0
101,125,2023-04-11,2023-04-12,147,27,5,0.7164080011047347,1,0
102,188,2023-04-12,2023-04-13,181,72,9,0.5219499713215026,1,0
103,159,2023-04-13,2023-04-14,395,60,4,0.582874889910078,1,0
104,140,2023-04-14,2023-04-15,22,46,3,0.7227708193709454,0,0
105,128,2023-04-15,2023-04-16,177,89,7,0.604592732703964,0,0
106,114,2023-04-16,2023-04-17,139,17,6,0.5249895143298393,0,0
107,144,2023-04-17,2023-04-18,93,93,8,0.9218248320259119,1,0
108,164,2023-04-18,2023-04-19,330,53,3,0.9905962645820579,1,0
109,188,2023-04-19,2023-04-20,328,8,5,0.8965714369983697,1,0
110,170,2023-04-20,2023-04-21,110,79,4,0.9268924608523335,0,0
111,108,2023-04-21,2023-04-22,338,27,4,0.6209885651585227,1,0
112,187,2023-04-22,2023-04-23,282,46,4,0.9803134877565999,0,1
113,100,2023-04-23,2023-04-24,274,50,8,0.5984628522267141,1,0
114,107,2023-04-24,2023-04-25,468,71,6,0.9757149051809162,0,0
115,187,2023-04-25,2023-04-26,408,3,3,0.9974096469829755,0,1
116,162,2023-04-26,2023-04-27,417,93,5,0.8558614028730244,0,0
117,110,2023-04-27,2023-04-28,47,64,6,0.990571865895911,1,0
118,180,2023-04-28,2023-04-29,428,44,5,0.7847698897835518,0,0
119,107,2023-04-29,2023-04-30,103,53,6,0.6297708915880451,1,1
120,134,2023-04-30,2023-05-01,104,24,8,0.7184979428328104,1,0
121,134,2023-05-01,2023-05-02,314,60,7,0.796780467689393,1,0
122,132,2023-05-02,2023-05-03,78,3,5,0.5365407810135074,1,0
123,104,2023-05-03,2023-05-04,327,20,6,0.8111716323086231,1,0
124,140,2023-05-04,2023-05-05,453,46,4,0.9905889183811473,0,0
125,127,2023-05-05,2023-05-06,245,15,9,0.5950538248918638,1,0
126,106,2023-05-06,2023-05-07,443,25,4,0.8962975581441917,1,0
127,172,2023-05-07,2023-05-08,343,94,1,0.9539493968898096,1,1
128,171,2023-05-08,2023-05-09,382,78,7,0.9718507964101104,1,0
129,111,2023-05-09,2023-05-10,385,71,7,0.9800678022027236,1,0
130,133,2023-05-10,2023-05-11,468,17,4,0.7607298193607359,0,1
131,132,2023-05-11,2023-05-12,146,84,3,0.9886539539957518,0,0
132,147,2023-05-12,2023-05-13,427,9,8,0.8786551035672194,1,0
133,122,2023-05-13,2023-05-14,85,38,5,0.5808357181184809,0,0
134,161,2023-05-14,2023-05-15,492,48,7,0.738450053233985,0,1
135,187,2023-05-15,2023-05-16,44,60,4,0.859165587686002,1,0
136,136,2023-05-16,2023-05-17,10,63,4,0.6236701579095416,0,0
137,198,2023-05-17,2023-05-18,305,86,8,0.8203075917744437,1,1
138,143,2023-05-18,2023-05-19,329,2,8,0.8333002395233096,0,0
139,185,2023-05-19,2023-05-20,415,88,2,0.5813498719042829,0,1
140,190,2023-05-20,2023-05-21,69,72,2,0.7825426562263782,0,1
141,134,2023-05-21,2023-05-22,329,11,3,0.8858134554893038,1,0
142,164,2023-05-22,2023-05-23,358,64,3,0.749447832267971,0,0
143,198,2023-05-23,2023-05-24,337,77,1,0.5060515583880537,0,0
144,146,2023-05-24,2023-05-25,276,81,3,0.5045192345396461,1,0
145,177,2023-05-25,2023-05-26,370,72,6,0.6785146719850061,1,0
146,102,2023-05-26,2023-05-27,238,21,8,0.963097034215891,0,0
147,100,2023-05-27,2023-05-28,279,18,6,0.6143383898018044,1,1
148,104,2023-05-28,2023-05-29,325,94,5,0.8171818444358436,0,0
149,189,2023-05-29,2023-05-30,295,64,4,0.6110379353466603,0,0
150,113,2023-05-30,2023-05-31,300,82,3,0.6608349948297743,1,1
151,126,2023-05-31,2023-06-01,222,95,4,0.924021044800742,1,1
152,108,2023-06-01,2023-06-02,174,38,7,0.8644307211349734,1,0
153,178,2023-06-02,2023-06-03,14,32,1,0.5476996386566053,0,1
154,114,2023-06-03,2023-06-04,348,11,7,0.7143510104932168,1,0
155,189,2023-06-04,2023-06-05,388,45,1,0.5145848818226322,0,1
156,141,2023-06-05,2023-06-06,87,89,2,0.7404450733015044,1,0
157,176,2023-06-06,2023-06-07,419,33,4,0.831217005850534,0,0
158,150,2023-06-07,2023-06-08,71,41,1,0.5592513117990758,1,0
159,162,2023-06-08,2023-06-09,141,8,9,0.6444424694545828,0,0
160,195,2023-06-09,2023-06-10,98,11,6,0.6989183127510785,1,0
161,151,2023-06-10,2023-06-11,246,86,1,0.9597655123280249,0,0
162,195,2023-06-11,2023-06-12,51,51,1,0.996627507711482,1,0
163,103,2023-06-12,2023-06-13,98,88,6,0.5224556494978079,1,1
164,193,2023-06-13,2023-06-14,411,41,4,0.880503961747696,0,0
165,122,2023-06-14,2023-06-15,305,17,4,0.6858620332011716,1,0
166,114,2023-06-15,2023-06-16,337,76,6,0.69622909311474,0,0
167,142,2023-06-16,2023-06-17,304,46,7,0.8771324866735113,0,0
168,128,2023-06-17,2023-06-18,113,32,9,0.9592132160727043,1,1
169,135,2023-06-18,2023-06-19,23,79,5,0.9754642972512741,0,1
170,112,2023-06-19,2023-06-20,297,80,9,0.7885612930191603,1,0
171,131,2023-06-20,2023-06-21,188,54,4,0.6785605796502514,1,0
172,170,2023-06-21,2023-06-22,134,86,2,0.8937745429293896,0,0
173,158,2023-06-22,2023-06-23,431,92,3,0.6255006916311501,1,0
174,185,2023-06-23,2023-06-24,362,20,1,0.7820370144167589,0,1
175,127,2023-06-24,2023-06-25,32,33,6,0.6792892307624365,0,0
176,165,2023-06-25,2023-06-26,72,74,6,0.8283155368539381,1,0
177,141,2023-06-26,2023-06-27,152,40,1,0.6201994564467534,1,0
178,144,2023-06-27,2023-06-28,490,32,3,0.5957964728674129,0,0
179,161,2023-06-28,2023-06-29,162,97,5,0.9591195433377185,0,1
180,156,2023-06-29,2023-06-30,154,2,3,0.5509018414747684,1,0
181,105,2023-06-30,2023-07-01,234,97,3,0.7529789538674658,1,0
182,127,2023-07-01,2023-07-02,459,33,3,0.6104263914815045,1,0
183,127,2023-07-02,2023-07-03,471,77,5,0.5194649816628337,1,0
184,143,2023-07-03,2023-07-04,318,30,5,0.5180094091457133,0,0
185,183,2023-07-04,2023-07-05,113,33,4,0.5876108860529137,1,0
186,129,2023-07-05,2023-07-06,113,77,1,0.9333851772530002,0,0
187,161,2023-07-06,2023-07-07,444,26,5,0.6412393719885133,0,0
188,174,2023-07-07,2023-07-08,48,22,5,0.9752295852876478,1,0
189,191,2023-07-08,2023-07-09,444,66,4,0.7908111464945968,0,0
190,188,2023-07-09,2023-07-10,207,38,6,0.718307094884383,1,0
191,161,2023-07-10,2023-07-11,143,90,4,0.7900444173347273,0,0
192,196,2023-07-11,2023-07-12,76,46,7,0.7583491926131338,1,0
193,100,2023-07-12,2023-07-13,400,15,7,0.8793881268786625,0,0
194,126,2023-07-13,2023-07-14,188,98,2,0.6412480329864261,0,0
195,161,2023-07-14,2023-07-15,465,44,3,0.6765251958001512,1,0
196,176,2023-07-15,2023-07-16,51,49,1,0.9470471512666254,1,0
197,102,2023-07-16,2023-07-17,457,75,8,0.9732282565752027,0,0
198,169,2023-07-17,2023-07-18,24,61,9,0.9462791137432373,0,0
199,171,2023-07-18,2023-07-19,120,67,4,0.7097239969786568,1,0
200,126,2023-07-19,2023-07-20,166,6,6,0.8901827515034408,0,0
201,108,2023-07-20,2023-07-21,298,9,9,0.7381678666505493,1,0
202,161,2023-07-21,2023-07-22,487,6,6,0.7487699260730512,0,0
203,136,2023-07-22,2023-07-23,240,73,9,0.6023400545286419,1,1
204,196,2023-07-23,2023-07-24,420,95,4,0.7955651516292582,0,0
205,150,2023-07-24,2023-07-25,429,32,8,0.5930679488766739,1,0
206,143,2023-07-25,2023-07-26,166,41,9,0.6657823495335968,1,0
207,123,2023-07-26,2023-07-27,47,76,4,0.9275151008099676,0,0
208,178,2023-07-27,2023-07-28,450,8,5,0.6035379046054277,1,0
209,158,2023-07-28,2023-07-29,106,72,8,0.5355791425867165,0,0
210,131,2023-07-29,2023-07-30,494,50,6,0.5345037963064081,1,1
211,195,2023-07-30,2023-07-31,420,92,7,0.970392260251554,1,0
212,187,2023-07-31,2023-08-01,448,62,3,0.7534602189809173,1,1
213,151,2023-08-01,2023-08-02,298,84,7,0.7047060359085091,0,0
214,161,2023-08-02,2023-08-03,263,62,8,0.9054392905039592,1,0
215,157,2023-08-03,2023-08-04,205,7,6,0.917912963955258,0,0
216,151,2023-08-04,2023-08-05,95,75,9,0.6660955165578023,1,0
217,111,2023-08-05,2023-08-06,331,84,6,0.8468090287368977,0,0
218,138,2023-08-06,2023-08-07,19,80,9,0.8855614079259433,0,0
219,101,2023-08-07,2023-08-08,14,4,4,0.8273253434329773,0,0
220,102,2023-08-08,2023-08-09,132,6,8,0.5757975374000497,1,1
221,155,2023-08-09,2023-08-10,339,58,4,0.9379415417585285,0,1
222,180,2023-08-10,2023-08-11,362,22,2,0.7695472763680044,1,0
223,158,2023-08-11,2023-08-12,127,26,9,0.6412362131850018,0,0
224,101,2023-08-12,2023-08-13,303,3,5,0.7126140927188469,0,0
225,101,2023-08-13,2023-08-14,406,41,4,0.5187855451994536,0,0
226,191,2023-08-14,2023-08-15,168,60,2,0.5639334006112088,0,0
227,153,2023-08-15,2023-08-16,312,14,1,0.8827733752579304,1,0
228,186,2023-08-16,2023-08-17,237,75,7,0.5000058173776831,0,0
229,195,2023-08-17,2023-08-18,374,82,6,0.7082829142411461,0,0
230,196,2023-08-18,2023-08-19,225,12,2,0.7612550905427942,1,1
231,100,2023-08-19,2023-08-20,445,87,8,0.5273172100004861,0,0
232,118,2023-08-20,2023-08-21,193,12,4,0.9865390814861664,0,1
233,101,2023-08-21,2023-08-22,24,13,8,0.6130626656248359,0,0
234,152,2023-08-22,2023-08-23,166,25,7,0.6520993598181404,0,0
235,143,2023-08-23,2023-08-24,145,45,5,0.6519712561275137,1,0
236,189,2023-08-24,2023-08-25,270,19,8,0.6152083310586749,1,0
237,131,2023-08-25,2023-08-26,166,55,9,0.5007369110431557,0,0
238,169,2023-08-26,2023-08-27,56,45,5,0.8646723970439982,1,0
239,131,2023-08-27,2023-08-28,333,8,5,0.9834227498996426,1,0
240,167,2023-08-28,2023-08-29,341,93,2,0.6121467416425226,0,0
241,154,2023-08-29,2023-08-30,182,53,5,0.8315235959017112,1,0
242,174,2023-08-30,2023-08-31,139,55,3,0.8709481634793576,0,0
243,155,2023-08-31,2023-09-01,420,32,7,0.9242126895452624,1,0
244,116,2023-09-01,2023-09-02,104,51,5,0.7113145985068046,1,0
245,137,2023-09-02,2023-09-03,124,44,8,0.6514654528202146,1,0
246,123,2023-09-03,2023-09-04,252,82,1,0.6626475670115155,0,0
247,168,2023-09-04,2023-09-05,429,70,3,0.8563106665492564,1,1
248,197,2023-09-05,2023-09-06,301,18,3,0.908389733252818,0,0
249,169,2023-09-06,2023-09-07,291,83,9,0.5908069838783013,0,0
250,185,2023-09-07,2023-09-08,308,22,5,0.6854705040788827,1,0
251,110,2023-09-08,2023-09-09,292,37,9,0.950970098374575,0,0
252,115,2023-09-09,2023-09-10,78,96,9,0.9033467598473697,1,0
253,196,2023-09-10,2023-09-11,157,56,1,0.9924292013812379,0,0
254,172,2023-09-11,2023-09-12,20,59,2,0.8771241298410404,0,0
255,158,2023-09-12,2023-09-13,263,3,5,0.6965976005139611,1,0
256,169,2023-09-13,2023-09-14,339,28,4,0.7953189169973189,1,0
257,179,2023-09-14,2023-09-15,369,74,9,0.8305071271236601,1,0
258,192,2023-09-15,2023-09-16,47,35,7,0.539227908158562,1,0
259,102,2023-09-16,2023-09-17,143,61,6,0.7722484795519325,0,1
260,119,2023-09-17,2023-09-18,209,93,7,0.8546604142363048,0,0
261,158,2023-09-18,2023-09-19,32,54,1,0.5836606520005302,0,0
262,135,2023-09-19,2023-09-20,312,63,1,0.8903158587127786,1,0
263,118,2023-09-20,2023-09-21,355,79,8,0.7918863902570559,0,0
264,189,2023-09-21,2023-09-22,311,97,2,0.9761108928487974,1,1
265,166,2023-09-22,2023-09-23,372,7,9,0.5212111491034459,0,0
266,118,2023-09-23,2023-09-24,405,76,7,0.6326630687777335,1,1
267,119,2023-09-24,2023-09-25,227,49,6,0.800776939649912,0,1
268,195,2023-09-25,2023-09-26,150,94,1,0.6482799561029653,0,0
269,170,2023-09-26,2023-09-27,113,85,1,0.857212082035621,1,0
270,151,2023-09-27,2023-09-28,455,31,2,0.8795026412609654,0,0
271,132,2023-09-28,2023-09-29,219,58,6,0.5512579820332373,1,1
272,139,2023-09-29,2023-09-30,482,61,6,0.7569272321033839,0,0
273,138,2023-09-30,2023-10-01,490,24,2,0.754445277795528,0,0
274,181,2023-10-01,2023-10-02,120,20,1,0.6846403851077705,1,0
275,100,2023-10-02,2023-10-03,113,37,5,0.966462431284836,1,0
276,110,2023-10-03,2023-10-04,325,4,5,0.9137531599366107,0,0
277,191,2023-10-04,2023-10-05,180,92,2,0.8486046909548184,0,0
278,156,2023-10-05,2023-10-06,469,20,6,0.8571633178674988,0,1
279,188,2023-10-06,2023-10-07,365,60,9,0.7308580719065596,0,1
280,149,2023-10-07,2023-10-08,333,24,2,0.960497260548288,0,1
281,122,2023-10-08,2023-10-09,142,50,2,0.8472977136266426,0,0
282,130,2023-10-09,2023-10-10,385,49,3,0.8644905308279083,1,0
283,193,2023-10-10,2023-10-11,302,51,7,0.9308454518936726,1,0
284,141,2023-10-11,2023-10-12,337,96,6,0.6370357946710955,1,0
285,198,2023-10-12,2023-10-13,136,36,8,0.9035354519333515,0,0
286,106,2023-10-13,2023-10-14,115,98,8,0.597620301478246,0,0
287,115,2023-10-14,2023-10-15,101,66,6,0.6726709761224439,0,0
288,189,2023-10-15,2023-10-16,296,79,3,0.6678052271349213,1,1
289,159,2023-10-16,2023-10-17,387,34,3,0.9892627341945703,1,0
290,101,2023-10-17,2023-10-18,402,36,1,0.9282686118739634,0,0
291,100,2023-10-18,2023-10-19,60,6,7,0.8505849307951299,0,0
292,147,2023-10-19,2023-10-20,38,39,5,0.863528380807695,1,0
293,111,2023-10-20,2023-10-21,471,42,4,0.7810363972012855,1,0
294,168,2023-10-21,2023-10-22,305,58,4,0.9735453335542595,1,1
295,136,2023-10-22,2023-10-23,306,12,4,0.7481293764411807,0,1
296,131,2023-10-23,2023-10-24,223,3,6,0.6902588549349473,0,1
297,108,2023-10-24,2023-10-25,276,18,8,0.5815176684657954,0,1
298,198,2023-10-25,2023-10-26,416,40,8,0.8931028261305289,1,0
299,118,2023-10-26,2023-10-27,266,21,5,0.8672219660377958,1,0
300,147,2023-10-27,2023-10-28,311,15,6,0.6921775192620674,0,0
301,179,2023-10-28,2023-10-29,110,97,4,0.5125967069796147,0,0
302,102,2023-10-29,2023-10-30,414,99,9,0.9194986638590054,1,0
303,119,2023-10-30,2023-10-31,355,26,8,0.5057089917270368,0,0
304,123,2023-10-31,2023-11-01,119,8,1,0.8518498898145255,1,0
305,153,2023-11-01,2023-11-02,429,94,2,0.9851285548630285,1,0
306,132,2023-11-02,2023-11-03,191,87,9,0.7188306640741018,0,0
307,123,2023-11-03,2023-11-04,480,42,8,0.6174867024979764,1,0
308,174,2023-11-04,2023-11-05,322,44,3,0.8524355050216909,0,0
309,171,2023-11-05,2023-11-06,10,14,8,0.9085640710077926,1,0
310,135,2023-11-06,2023-11-07,328,78,1,0.7732151580389237,1,0
311,137,2023-11-07,2023-11-08,447,2,4,0.9835176376280731,0,0
312,183,2023-11-08,2023-11-09,64,37,3,0.5258343608289806,1,0
313,198,2023-11-09,2023-11-10,380,69,6,0.7523977991522641,0,0
314,188,2023-11-10,2023-11-11,433,38,7,0.859226973661275,0,0
315,198,2023-11-11,2023-11-12,408,41,4,0.9313202355745895,1,0
316,124,2023-11-12,2023-11-13,158,62,7,0.5896278059538951,0,0
317,192,2023-11-13,2023-11-14,440,60,9,0.9000017408818407,0,0
318,117,2023-11-14,2023-11-15,466,14,2,0.7763535378592726,0,0
319,181,2023-11-15,2023-11-16,318,89,3,0.6982768409949816,0,0
320,165,2023-11-16,2023-11-17,146,84,5,0.5658575142895468,0,0
321,153,2023-11-17,2023-11-18,211,2,3,0.9326478794544562,0,0
322,134,2023-11-18,2023-11-19,445,70,8,0.5786366040898576,1,0
323,179,2023-11-19,2023-11-20,322,17,8,0.6548939296045496,0,0
324,160,2023-11-20,2023-11-21,126,89,8,0.6450227659812184,1,0
325,140,2023-11-21,2023-11-22,163,28,9,0.9357070170954271,1,0
326,199,2023-11-22,2023-11-23,434,66,4,0.836351497104449,0,0
327,132,2023-11-23,2023-11-24,300,35,5,0.8983406985956861,1,0
328,167,2023-11-24,2023-11-25,72,5,5,0.6252339493962495,1,0
329,132,2023-11-25,2023-11-26,253,65,8,0.8124370498034994,0,0
330,113,2023-11-26,2023-11-27,34,40,7,0.7858729915718743,0,0
331,120,2023-11-27,2023-11-28,99,76,9,0.9164151883941356,0,0
332,147,2023-11-28,2023-11-29,84,56,8,0.9530435302406303,1,0
333,119,2023-11-29,2023-11-30,303,36,2,0.5060783857386935,1,0
334,107,2023-11-30,2023-12-01,395,45,4,0.8370099595293963,0,0
335,106,2023-12-01,2023-12-02,400,23,6,0.5259178995598646,0,1
336,166,2023-12-02,2023-12-03,219,47,2,0.774429332538678,1,0
337,116,2023-12-03,2023-12-04,484,31,7,0.6438163645218391,1,0
338,132,2023-12-04,2023-12-05,427,11,3,0.6533882997610706,1,0
339,147,2023-12-05,2023-12-06,356,10,3,0.6764792517261783,1,0
340,175,2023-12-06,2023-12-07,26,67,2,0.8106462245248051,0,0
341,158,2023-12-07,2023-12-08,137,14,8,0.6670249828343846,1,0
342,185,2023-12-08,2023-12-09,436,80,6,0.8663495252951402,1,0
343,121,2023-12-09,2023-12-10,452,74,1,0.7022636927869348,1,1
344,129,2023-12-10,2023-12-11,373,93,1,0.5341766001549793,1,0
345,137,2023-12-11,2023-12-12,260,10,7,0.8918799212420536,0,0
346,150,2023-12-12,2023-12-13,188,76,8,0.642879162296353,0,1
347,153,2023-12-13,2023-12-14,191,94,5,0.7163834397996314,1,0
348,107,2023-12-14,2023-12-15,161,1,5,0.8427219416109508,1,1
349,126,2023-12-15,2023-12-16,34,5,4,0.666228078574356,0,0
350,126,2023-12-16,2023-12-17,464,20,6,0.5282928280733579,0,1
351,197,2023-12-17,2023-12-18,189,8,6,0.6869605235064068,1,0
352,120,2023-12-18,2023-12-19,207,43,3,0.9722242913471517,1,0
353,129,2023-12-19,2023-12-20,353,76,9,0.820867198649279,0,1
354,196,2023-12-20,2023-12-21,170,1,7,0.8357395743336035,0,0
355,127,2023-12-21,2023-12-22,186,57,1,0.81614107681882,0,0
356,163,2023-12-22,2023-12-23,294,64,7,0.5994960694797185,0,0
357,196,2023-12-23,2023-12-24,72,84,5,0.70916693205114,0,0
358,168,2023-12-24,2023-12-25,159,28,5,0.8754698991816592,0,0
359,160,2023-12-25,2023-12-26,163,37,2,0.5506864487765796,1,0
360,147,2023-12-26,2023-12-27,165,47,4,0.6389263880448561,0,0
361,118,2023-12-27,2023-12-28,379,76,6,0.6381595542329268,0,0
362,103,2023-12-28,2023-12-29,478,37,7,0.7160094637972529,0,0
363,134,2023-12-29,2023-12-30,58,49,5,0.9901843704710925,0,0
364,163,2023-12-30,2023-12-31,464,44,9,0.533751273341911,1,0
365,148,2023-12-31,2024-01-01,346,56,3,0.7593504971902976,1,0
366,116,2024-01-01,2024-01-02,93,28,1,0.5896823410061052,0,0
367,143,2024-01-02,2024-01-03,370,79,4,0.9853382727048721,1,0
368,191,2024-01-03,2024-01-04,186,6,9,0.5566517523637321,1,0
369,129,2024-01-04,2024-01-05,157,61,4,0.7018005011807956,1,0
370,192,2024-01-05,2024-01-06,127,20,2,0.868942492417303,1,0
371,145,2024-01-06,2024-01-07,351,78,5,0.8522772140137227,1,1
372,105,2024-01-07,2024-01-08,485,2,3,0.7113643184469661,1,0
373,198,2024-01-08,2024-01-09,72,73,9,0.6732620839763591,0,0
374,136,2024-01-09,2024-01-10,198,37,4,0.6988061892764352,0,0
375,123,2024-01-10,2024-01-11,369,20,6,0.6321381315793196,0,0
376,192,2024-01-11,2024-01-12,58,26,2,0.6026664693533998,0,1
377,145,2024-01-12,2024-01-13,336,29,6,0.741519848779445,0,0
378,152,2024-01-13,2024-01-14,266,1,3,0.6342668780338037,1,0
379,194,2024-01-14,2024-01-15,233,35,9,0.6437308324486251,0,1
380,198,2024-01-15,2024-01-16,150,70,2,0.8283780317372785,0,0
381,159,2024-01-16,2024-01-17,487,59,9,0.9842686658499461,1,0
382,196,2024-01-17,2024-01-18,224,69,5,0.8018186002796875,1,0
383,162,2024-01-18,2024-01-19,444,33,8,0.5384897335324832,0,0
384,184,2024-01-19,2024-01-20,388,51,2,0.5377918069270335,1,1
385,131,2024-01-20,2024-01-21,449,78,6,0.975711610422783,1,1
386,186,2024-01-21,2024-01-22,220,12,3,0.6486453951536668,1,0
387,132,2024-01-22,2024-01-23,327,20,5,0.5460334930412377,1,0
388,166,2024-01-23,2024-01-24,41,53,8,0.7995222935751908,0,1
389,117,2024-01-24,2024-01-25,167,88,1,0.8118243891451331,1,0
390,124,2024-01-25,2024-01-26,294,43,5,0.824252410059344,0,0
391,194,2024-01-26,2024-01-27,314,98,3,0.6337010139287707,0,1
392,153,2024-01-27,2024-01-28,438,89,4,0.5075553421072375,1,0
393,157,2024-01-28,2024-01-29,486,50,2,0.9825076847272359,1,0
394,166,2024-01-29,2024-01-30,295,29,9,0.6254465228455512,1,0
395,145,2024-01-30,2024-01-31,153,57,3,0.8380131440262737,0,1
396,123,2024-01-31,2024-02-01,433,39,2,0.8533149349393547,1,0
397,131,2024-02-01,2024-02-02,28,95,9,0.8050037085397428,1,0
398,146,2024-02-02,2024-02-03,27,56,7,0.6564536971068241,1,0
399,185,2024-02-03,2024-02-04,266,43,6,0.6355481268820329,1,0
400,122,2024-02-04,2024-02-05,87,50,1,0.7988341413513516,1,0
401,165,2024-02-05,2024-02-06,380,23,5,0.9330478168058458,0,0
402,126,2024-02-06,2024-02-07,184,44,3,0.9733668644616977,1,0
403,101,2024-02-07,2024-02-08,203,38,1,0.5529529022018789,1,0
404,189,2024-02-08,2024-02-09,485,84,4,0.5774143062988599,1,1
405,116,2024-02-09,2024-02-10,122,23,2,0.9723681293915398,0,0
406,132,2024-02-10,2024-02-11,123,45,2,0.8682676141673963,1,1
407,108,2024-02-11,2024-02-12,231,52,3,0.9414969124148865,0,0
408,142,2024-02-12,2024-02-13,175,80,8,0.6013163170676716,0,0
409,147,2024-02-13,2024-02-14,444,50,8,0.7937929355547009,1,0
410,138,2024-02-14,2024-02-15,328,8,7,0.8505697972087368,1,0
411,192,2024-02-15,2024-02-16,141,85,6,0.8400559427234864,1,1
412,141,2024-02-16,2024-02-17,394,1,9,0.7040758454333491,0,0
413,125,2024-02-17,2024-02-18,273,8,4,0.5076974458456542,0,0
414,198,2024-02-18,2024-02-19,422,29,1,0.7914630284021316,0,0
415,149,2024-02-19,2024-02-20,64,96,8,0.6265507695898044,0,0
416,124,2024-02-20,2024-02-21,368,5,7,0.7251271230714451,0,0
417,123,2024-02-21,2024-02-22,140,86,7,0.9787905075419087,0,0
418,112,2024-02-22,2024-02-23,297,47,3,0.6995176588212173,1,0
419,159,2024-02-23,2024-02-24,275,34,4,0.9199008033322134,1,0
420,106,2024-02-24,2024-02-25,467,65,9,0.5942703028746256,0,0
421,156,2024-02-25,2024-02-26,476,55,6,0.8362302490125144,1,0
422,135,2024-02-26,2024-02-27,375,90,5,0.9885034772194717,1,0
423,144,2024-02-27,2024-02-28,171,43,3,0.5509465504364683,0,0
424,119,2024-02-28,2024-02-29,389,74,9,0.504159971113596,0,0
425,164,2024-02-29,2024-03-01,490,30,5,0.7167913963163072,1,0
426,107,2024-03-01,2024-03-02,96,82,5,0.5463127415256837,0,0
427,115,2024-03-02,2024-03-03,64,17,4,0.8741921748381156,0,0
428,113,2024-03-03,2024-03-04,485,26,4,0.9572743319242795,1,1
429,175,2024-03-04,2024-03-05,297,8,1,0.7170104863543794,0,0
430,186,2024-03-05,2024-03-06,187,47,7,0.6293558210777205,1,0
431,114,2024-03-06,2024-03-07,400,76,9,0.7172016595033048,1,1
432,191,2024-03-07,2024-03-08,358,91,3,0.8617239089250005,1,1
433,197,2024-03-08,2024-03-09,17,72,2,0.5045270807901855,1,0
434,165,2024-03-09,2024-03-10,330,89,3,0.7947269947423485,1,1
435,131,2024-03-10,2024-03-11,322,46,1,0.8066458424436895,0,0
436,186,2024-03-11,2024-03-12,256,68,6,0.8188441234479678,0,0
437,162,2024-03-12,2024-03-13,332,33,7,0.6210110399904386,0,0
438,185,2024-03-13,2024-03-14,481,1,2,0.8570263616890634,0,0
439,150,2024-03-14,2024-03-15,480,19,8,0.5456957431658882,1,0
440,124,2024-03-15,2024-03-16,452,31,6,0.5996351682334005,1,0
441,157,2024-03-16,2024-03-17,264,80,4,0.9387350233272409,0,0
442,162,2024-03-17,2024-03-18,337,14,5,0.8693615753632832,1,1
443,161,2024-03-18,2024-03-19,63,53,8,0.5068727770056727,0,1
444,121,2024-03-19,2024-03-20,258,48,3,0.6241881301849002,0,0
445,157,2024-03-20,2024-03-21,248,69,3,0.6072032414965822,0,1
446,157,2024-03-21,2024-03-22,238,90,4,0.6354031640184863,1,1
447,185,2024-03-22,2024-03-23,76,62,1,0.6237798851399432,1,0
448,148,2024-03-23,2024-03-24,60,92,9,0.5312631478714229,1,0
449,151,2024-03-24,2024-03-25,106,66,8,0.7294702582984102,1,0
450,141,2024-03-25,2024-03-26,101,64,8,0.8663667373930826,0,1
451,169,2024-03-26,2024-03-27,273,70,6,0.8033658623587182,1,0
452,114,2024-03-27,2024-03-28,427,63,7,0.8364358342990399,1,0
453,153,2024-03-28,2024-03-29,300,73,6,0.5405745892681195,1,0
454,159,2024-03-29,2024-03-30,105,33,9,0.9757453550883937,0,0
455,196,2024-03-30,2024-03-31,97,41,3,0.9192459169215124,0,0
456,107,2024-03-31,2024-04-01,87,89,3,0.9025451592478313,1,0
457,152,2024-04-01,2024-04-02,297,48,3,0.9114919025208837,1,0
458,159,2024-04-02,2024-04-03,129,13,3,0.9663552540663807,1,1
459,104,2024-04-03,2024-04-04,311,73,9,0.7721269830568489,1,1
460,167,2024-04-04,2024-04-05,409,77,4,0.600141008933813,0,0
461,105,2024-04-05,2024-04-06,461,31,7,0.8083918039262705,1,1
462,195,2024-04-06,2024-04-07,174,75,9,0.8714407468339695,1,0
463,193,2024-04-07,2024-04-08,191,68,7,0.8689586966770126,1,0
464,146,2024-04-08,2024-04-09,478,98,9,0.76072451208344,0,0
465,198,2024-04-09,2024-04-10,407,4,3,0.5342293596667891,0,1
466,154,2024-04-10,2024-04-11,232,19,4,0.685556469215064,1,1
467,139,2024-04-11,2024-04-12,320,70,8,0.9603833042316787,1,0
468,151,2024-04-12,2024-04-13,441,98,6,0.792224454878713,1,1
469,115,2024-04-13,2024-04-14,475,82,5,0.7691659716278567,1,0
470,112,2024-04-14,2024-04-15,16,13,4,0.6344267571910968,1,0
471,129,2024-04-15,2024-04-16,339,23,8,0.6842244599582894,0,0
472,118,2024-04-16,2024-04-17,272,83,1,0.9476730445765846,0,0
473,116,2024-04-17,2024-04-18,170,75,9,0.8332315237634178,0,0
474,162,2024-04-18,2024-04-19,160,1,1,0.8936935133761664,1,1
475,118,2024-04-19,2024-04-20,94,88,8,0.7271727115338276,0,0
476,191,2024-04-20,2024-04-21,156,54,4,0.815123609728079,0,0
477,157,2024-04-21,2024-04-22,121,71,9,0.6241918043716037,0,0
478,154,2024-04-22,2024-04-23,390,89,5,0.8527304151417432,1,0
479,189,2024-04-23,2024-04-24,412,85,3,0.7138006668516687,1,1
480,189,2024-04-24,2024-04-25,45,15,9,0.7212727574073727,0,0
481,161,2024-04-25,2024-04-26,294,65,9,0.8246611622884408,1,0
482,122,2024-04-26,2024-04-27,197,76,4,0.9681403107344633,0,1
483,108,2024-04-27,2024-04-28,91,71,4,0.5320031733043105,0,0
484,111,2024-04-28,2024-04-29,11,15,8,0.9123716186735038,0,0
485,100,2024-04-29,2024-04-30,394,21,2,0.6461915552060966,0,0
486,157,2024-04-30,2024-05-01,312,19,9,0.7219597272531889,1,0
487,100,2024-05-01,2024-05-02,206,60,6,0.5109566643875045,1,0
488,133,2024-05-02,2024-05-03,413,93,9,0.6505230389171566,1,0
489,195,2024-05-03,2024-05-04,20,89,8,0.7513156213150652,1,1
490,147,2024-05-04,2024-05-05,243,33,7,0.5280880386737195,0,1
491,188,2024-05-05,2024-05-06,395,49,1,0.7455478646915825,1,0
492,100,2024-05-06,2024-05-07,204,96,3,0.9635553144292137,0,0
493,115,2024-05-07,2024-05-08,480,35,2,0.5526966090539026,1,1
494,160,2024-05-08,2024-05-09,128,44,5,0.8822203640377522,1,0
495,163,2024-05-09,2024-05-10,405,90,5,0.7048355266879963,1,0
496,162,2024-05-10,2024-05-11,29,11,5,0.827586857262169,0,0
497,168,2024-05-11,2024-05-12,270,99,4,0.6301182989926146,0,1
498,121,2024-05-12,2024-05-13,302,72,5,0.5797461312706791,0,0
499,192,2024-05-13,2024-05-14,431,78,3,0.5802313071356132,0,0
500,166,2024-05-14,2024-05-15,265,74,1,0.5352459728215724,1,0
501,175,2024-05-15,2024-05-16,231,66,5,0.5928233524506215,0,1
502,125,2024-05-16,2024-05-17,402,46,9,0.8321096924944842,0,0
503,115,2024-05-17,2024-05-18,235,9,9,0.9408453059217541,1,1
504,150,2024-05-18,2024-05-19,62,3,4,0.9070628427955809,1,0
505,185,2024-05-19,2024-05-20,437,85,3,0.842567154937242,0,0
506,156,2024-05-20,2024-05-21,364,26,1,0.5552159317055514,1,0
507,128,2024-05-21,2024-05-22,351,72,2,0.6445937231479749,0,0
508,177,2024-05-22,2024-05-23,373,48,8,0.6549034376612345,1,1
509,191,2024-05-23,2024-05-24,289,66,1,0.6249784731988106,0,0
510,168,2024-05-24,2024-05-25,90,70,8,0.7575028298548616,0,0
511,146,2024-05-25,2024-05-26,211,28,7,0.7677769074398363,0,0
512,193,2024-05-26,2024-05-27,167,93,8,0.6784429875855551,0,0
513,161,2024-05-27,2024-05-28,129,26,6,0.676894579368218,0,0
514,168,2024-05-28,2024-05-29,68,25,9,0.9142777989530406,1,0
515,175,2024-05-29,2024-05-30,224,12,3,0.8946464241598429,0,1
516,115,2024-05-30,2024-05-31,137,5,4,0.6538979158403728,0,0
517,189,2024-05-31,2024-06-01,233,98,6,0.9568942219366297,0,0
518,189,2024-06-01,2024-06-02,218,48,8,0.976407508501253,0,0
519,147,2024-06-02,2024-06-03,379,37,5,0.6633712710150204,0,0
520,184,2024-06-03,2024-06-04,124,79,3,0.6772124743965274,1,0
521,138,2024-06-04,2024-06-05,218,44,6,0.7528170767109794,1,1
522,199,2024-06-05,2024-06-06,23,15,4,0.9705604062668367,0,0
523,132,2024-06-06,2024-06-07,18,43,9,0.9381597165711557,1,0
524,193,2024-06-07,2024-06-08,49,48,3,0.5512839812917949,0,0
525,122,2024-06-08,2024-06-09,459,87,4,0.6963653716357081,1,1
526,109,2024-06-09,2024-06-10,246,70,7,0.7766855948748859,1,0
527,168,2024-06-10,2024-06-11,290,46,7,0.75156623627577,0,0
528,199,2024-06-11,2024-06-12,368,43,4,0.5969315339684463,1,0
529,133,2024-06-12,2024-06-13,210,21,6,0.9294083855840773,1,0
530,151,2024-06-13,2024-06-14,255,23,3,0.8384703914984186,0,0
531,194,2024-06-14,2024-06-15,287,80,6,0.9189541874259017,0,0
532,109,2024-06-15,2024-06-16,244,47,2,0.9293821396747362,1,0
533,118,2024-06-16,2024-06-17,13,15,8,0.8741779268328699,1,0
534,157,2024-06-17,2024-06-18,163,25,2,0.7196053006248586,1,1
535,195,2024-06-18,2024-06-19,451,36,7,0.8052733775077123,0,0
536,100,2024-06-19,2024-06-20,38,75,9,0.5801827030598716,1,0
537,168,2024-06-20,2024-06-21,118,51,1,0.8368227087374538,1,0
538,103,2024-06-21,2024-06-22,107,15,8,0.5896266278696404,1,0
539,115,2024-06-22,2024-06-23,224,68,7,0.8469747952550783,0,0
540,123,2024-06-23,2024-06-24,302,21,6,0.6147990803769843,0,0
541,179,2024-06-24,2024-06-25,84,13,6,0.55877565007511,0,0
542,101,2024-06-25,2024-06-26,335,86,6,0.5826422450714788,0,0
543,191,2024-06-26,2024-06-27,155,19,9,0.5009960676095351,1,1
544,131,2024-06-27,2024-06-28,137,34,2,0.8593698089267652,0,0
545,190,2024-06-28,2024-06-29,350,78,1,0.8662005245291895,1,1
546,183,2024-06-29,2024-06-30,51,68,6,0.7574666749566297,1,0
547,123,2024-06-30,2024-07-01,365,52,8,0.5806814005276919,1,0
548,111,2024-07-01,2024-07-02,50,27,3,0.5417771687553449,1,0
549,149,2024-07-02,2024-07-03,431,29,1,0.5095644832186434,0,0
550,134,2024-07-03,2024-07-04,43,28,9,0.5828740884826104,0,0
551,132,2024-07-04,2024-07-05,26,35,1,0.9454277674915734,0,0
552,132,2024-07-05,2024-07-06,174,8,3,0.6207684208508408,0,1
553,160,2024-07-06,2024-07-07,162,16,8,0.6771356636086079,0,1
554,150,2024-07-07,2024-07-08,495,36,3,0.5526727422406665,1,0
555,142,2024-07-08,2024-07-09,387,30,4,0.6111806523740851,0,0
556,111,2024-07-09,2024-07-10,85,18,8,0.7596122853901026,0,0
557,166,2024-07-10,2024-07-11,96,2,1,0.8038763415478263,0,0
558,164,2024-07-11,2024-07-12,126,49,6,0.6226761570831055,0,0
559,132,2024-07-12,2024-07-13,371,77,1,0.5288660796125586,1,1
560,139,2024-07-13,2024-07-14,351,4,1,0.6955164345636993,1,0
561,173,2024-07-14,2024-07-15,478,90,8,0.617101685463167,1,0
562,142,2024-07-15,2024-07-16,36,89,4,0.6097769616149009,1,0
563,143,2024-07-16,2024-07-17,322,94,1,0.9799314013567276,1,0
564,128,2024-07-17,2024-07-18,296,75,7,0.808150242962862,0,0
565,112,2024-07-18,2024-07-19,143,7,5,0.778439221586048,1,0
566,111,2024-07-19,2024-07-20,228,95,5,0.707887551761661,1,0
567,194,2024-07-20,2024-07-21,177,74,1,0.7144721667150722,1,0
568,145,2024-07-21,2024-07-22,107,39,6,0.7704525019190405,0,0
569,101,2024-07-22,2024-07-23,277,13,9,0.8482149035180536,0,1
570,134,2024-07-23,2024-07-24,246,31,9,0.8510730480909148,1,0
571,186,2024-07-24,2024-07-25,318,71,8,0.5858469538527248,0,0
572,180,2024-07-25,2024-07-26,464,63,5,0.7500563760383134,0,0
573,189,2024-07-26,2024-07-27,403,56,1,0.705979047517051,1,0
574,107,2024-07-27,2024-07-28,182,42,9,0.9352634831346921,0,0
575,192,2024-07-28,2024-07-29,410,61,1,0.8157094606091881,0,1
576,125,2024-07-29,2024-07-30,419,42,8,0.766252033207991,0,0
577,173,2024-07-30,2024-07-31,478,56,5,0.5576973210894587,1,0
578,189,2024-07-31,2024-08-01,485,36,3,0.8028189446617058,1,0
579,133,2024-08-01,2024-08-02,199,84,7,0.5586019528401167,1,0
580,106,2024-08-02,2024-08-03,131,68,7,0.668603287782876,0,1
581,167,2024-08-03,2024-08-04,55,7,9,0.5714209824071659,1,1
582,157,2024-08-04,2024-08-05,73,54,7,0.8460368235121845,0,0
583,174,2024-08-05,2024-08-06,139,1,3,0.6031260569180763,0,0
584,128,2024-08-06,2024-08-07,319,44,1,0.695929686594013,0,0
585,135,2024-08-07,2024-08-08,372,45,8,0.9478373888093894,1,1
586,188,2024-08-08,2024-08-09,202,47,3,0.6021581916994851,1,0
587,120,2024-08-09,2024-08-10,316,13,8,0.7539025319793895,1,1
588,135,2024-08-10,2024-08-11,190,22,8,0.709635830583011,1,0
589,109,2024-08-11,2024-08-12,301,21,5,0.5090620205228649,0,0
590,172,2024-08-12,2024-08-13,380,86,1,0.8963790567864064,1,0
591,123,2024-08-13,2024-08-14,291,92,7,0.5345229531572999,0,1
592,163,2024-08-14,2024-08-15,38,9,5,0.7371275104884768,1,1
593,198,2024-08-15,2024-08-16,158,26,8,0.780339147469475,1,0
594,148,2024-08-16,2024-08-17,276,9,9,0.8142132283072936,1,0
595,198,2024-08-17,2024-08-18,305,15,7,0.8443158146539378,0,0
596,135,2024-08-18,2024-08-19,20,10,7,0.6266361917613575,0,0
597,181,2024-08-19,2024-08-20,173,88,1,0.5049893883292247,0,0
598,195,2024-08-20,2024-08-21,122,42,4,0.8617218311774559,0,0
599,123,2024-08-21,2024-08-22,196,72,2,0.7678282996737893,0,1
600,122,2024-08-22,2024-08-23,304,24,2,0.9180588516036243,1,0
601,161,2024-08-23,2024-08-24,241,80,2,0.9106941814503471,0,1
602,195,2024-08-24,2024-08-25,236,49,4,0.9216630838939416,0,0
603,136,2024-08-25,2024-08-26,319,26,1,0.74254732998977,0,0
604,111,2024-08-26,2024-08-27,107,91,4,0.6668141979184328,0,0
605,154,2024-08-27,2024-08-28,64,37,2,0.895779101295685,1,0
606,112,2024-08-28,2024-08-29,120,68,5,0.7256470565146275,0,0
607,122,2024-08-29,2024-08-30,161,50,3,0.5917210982017173,1,0
608,188,2024-08-30,2024-08-31,255,24,8,0.9274870097807372,1,0
609,198,2024-08-31,2024-09-01,415,19,4,0.9412799383861736,1,0
610,129,2024-09-01,2024-09-02,78,60,1,0.7331548780700851,0,0
611,116,2024-09-02,2024-09-03,321,39,1,0.5378498636548937,1,0
612,161,2024-09-03,2024-09-04,298,74,3,0.6939130449584656,0,1
613,183,2024-09-04,2024-09-05,259,89,9,0.9017688297313017,0,1
614,188,2024-09-05,2024-09-06,45,18,7,0.9508870142731143,0,0
615,185,2024-09-06,2024-09-07,248,19,2,0.601736371248798,0,0
616,112,2024-09-07,2024-09-08,157,36,9,0.5334868060126358,0,0
617,158,2024-09-08,2024-09-09,476,74,2,0.9386752265664193,1,1
618,118,2024-09-09,2024-09-10,236,97,3,0.6947024694894377,1,0
619,148,2024-09-10,2024-09-11,253,55,2,0.7708804821337816,0,0
620,199,2024-09-11,2024-09-12,346,69,3,0.9840329060253794,1,0
621,111,2024-09-12,2024-09-13,455,47,6,0.5332823639571114,0,0
622,160,2024-09-13,2024-09-14,374,49,9,0.8241590037260478,1,0
623,118,2024-09-14,2024-09-15,491,99,9,0.5370527112874335,1,0
624,175,2024-09-15,2024-09-16,210,98,7,0.6877344642332501,1,0
625,108,2024-09-16,2024-09-17,163,33,3,0.9019072725967234,1,0
626,170,2024-09-17,2024-09-18,459,21,4,0.7167361163778172,1,0
627,127,2024-09-18,2024-09-19,82,81,6,0.9985911769514753,0,0
628,177,2024-09-19,2024-09-20,210,22,5,0.7795296424733011,0,1
629,194,2024-09-20,2024-09-21,305,48,2,0.6605810763179767,1,0
630,151,2024-09-21,2024-09-22,26,37,6,0.6100556629523766,0,1
631,182,2024-09-22,2024-09-23,138,15,3,0.675260267143081,1,0
632,115,2024-09-23,2024-09-24,226,35,8,0.6862666368797754,0,0
633,168,2024-09-24,2024-09-25,70,92,2,0.5343568388619805,1,1
634,198,2024-09-25,2024-09-26,436,71,1,0.6847870997133866,1,0
635,111,2024-09-26,2024-09-27,113,32,9,0.7321192598696125,1,1
636,124,2024-09-27,2024-09-28,51,11,3,0.8613688761194023,0,0
637,151,2024-09-28,2024-09-29,34,10,1,0.828364742360804,0,1
638,184,2024-09-29,2024-09-30,48,73,7,0.8543828276145771,1,0
639,199,2024-09-30,2024-10-01,300,78,5,0.5041818409384285,1,0
640,152,2024-10-01,2024-10-02,140,77,5,0.608833699790268,0,0
641,122,2024-10-02,2024-10-03,238,57,1,0.8308421441999283,0,1
642,115,2024-10-03,2024-10-04,117,25,9,0.7419946840898736,0,1
643,156,2024-10-04,2024-10-05,181,2,7,0.502656737834173,0,1
644,138,2024-10-05,2024-10-06,444,64,8,0.9022473212159112,0,1
645,152,2024-10-06,2024-10-07,487,35,9,0.8864047866451688,1,0
646,141,2024-10-07,2024-10-08,111,7,6,0.7742095814967813,0,0
647,157,2024-10-08,2024-10-09,363,85,5,0.5332316628881361,1,0
648,138,2024-10-09,2024-10-10,21,18,6,0.8832575247662924,1,0
649,113,2024-10-10,2024-10-11,284,67,2,0.791856793865682,0,0
650,194,2024-10-11,2024-10-12,110,42,4,0.8909799885789795,0,0
651,104,2024-10-12,2024-10-13,53,39,3,0.8758734961979202,1,0
652,134,2024-10-13,2024-10-14,452,41,7,0.9015010359789186,0,0
653,186,2024-10-14,2024-10-15,314,75,9,0.7590040332023125,1,0
654,192,2024-10-15,2024-10-16,454,24,5,0.5701622590967574,0,0
655,174,2024-10-16,2024-10-17,26,60,6,0.8355787366898444,0,0
656,117,2024-10-17,2024-10-18,339,46,2,0.8102368925259853,0,0
657,175,2024-10-18,2024-10-19,66,19,3,0.8711265935995436,1,0
658,108,2024-10-19,2024-10-20,320,68,3,0.5849405030253676,0,0
659,173,2024-10-20,2024-10-21,312,90,9,0.5974875999501446,1,0
660,157,2024-10-21,2024-10-22,21,42,7,0.9452047586096642,0,0
661,116,2024-10-22,2024-10-23,327,32,8,0.8749888992260354,1,0
662,106,2024-10-23,2024-10-24,89,39,9,0.9541142443501615,0,0
663,145,2024-10-24,2024-10-25,225,36,6,0.8793576605819604,1,0
664,112,2024-10-25,2024-10-26,348,97,4,0.7985776529951509,1,0
665,139,2024-10-26,2024-10-27,273,36,1,0.8270663685139368,1,0
666,141,2024-10-27,2024-10-28,488,3,8,0.944563961970005,1,1
667,108,2024-10-28,2024-10-29,158,73,7,0.7894033772559703,1,1
668,149,2024-10-29,2024-10-30,90,8,2,0.8161956621641937,1,0
669,126,2024-10-30,2024-10-31,224,97,8,0.5782383580018002,0,0
670,165,2024-10-31,2024-11-01,494,70,5,0.7369606100580514,1,0
671,104,2024-11-01,2024-11-02,383,41,7,0.8581985559790495,1,0
672,128,2024-11-02,2024-11-03,473,68,4,0.6354713491581827,1,1
673,136,2024-11-03,2024-11-04,207,13,5,0.6011270902622674,0,0
674,137,2024-11-04,2024-11-05,209,49,8,0.6569134041122078,0,0
675,182,2024-11-05,2024-11-06,34,60,1,0.6207503139964168,0,0
676,107,2024-11-06,2024-11-07,475,2,1,0.6074563185181979,1,1
677,164,2024-11-07,2024-11-08,98,60,4,0.7124254214340435,0,0
678,185,2024-11-08,2024-11-09,277,5,3,0.953919256941767,0,0
679,116,2024-11-09,2024-11-10,152,44,2,0.7535298233693591,1,0
680,170,2024-11-10,2024-11-11,68,27,3,0.5939601904076615,1,0
681,188,2024-11-11,2024-11-12,419,32,1,0.5384858346904371,0,0
682,144,2024-11-12,2024-11-13,498,21,1,0.8480780725689626,1,0
683,103,2024-11-13,2024-11-14,374,8,6,0.6913993822181939,1,1
684,135,2024-11-14,2024-11-15,35,72,5,0.9109154732926796,1,1
685,169,2024-11-15,2024-11-16,56,50,8,0.8297553843203851,1,1
686,130,2024-11-16,2024-11-17,297,67,2,0.8981207252706842,0,0
687,118,2024-11-17,2024-11-18,275,44,4,0.6359730197092244,1,1
688,160,2024-11-18,2024-11-19,25,58,8,0.8461794612305291,0,0
689,153,2024-11-19,2024-11-20,208,3,6,0.6320309923468594,0,0
690,138,2024-11-20,2024-11-21,410,86,1,0.9695342397251459,0,0
691,190,2024-11-21,2024-11-22,416,70,4,0.8181871407666872,0,0
692,173,2024-11-22,2024-11-23,291,2,1,0.6622559000876711,1,0
693,189,2024-11-23,2024-11-24,478,87,2,0.6347559311461364,1,0
694,118,2024-11-24,2024-11-25,95,44,5,0.5954632925358218,1,0
695,138,2024-11-25,2024-11-26,259,2,8,0.8473204794468638,0,1
696,166,2024-11-26,2024-11-27,400,81,8,0.6093578064989637,0,0
697,144,2024-11-27,2024-11-28,279,35,3,0.7976516329637445,0,0
698,112,2024-11-28,2024-11-29,344,98,4,0.6323175134626786,1,0
699,191,2024-11-29,2024-11-30,126,87,6,0.8309844723969343,0,0
700,157,2024-11-30,2024-12-01,16,30,3,0.9074698642702697,1,0
701,119,2024-12-01,2024-12-02,146,8,2,0.8890126215723266,1,0
702,191,2024-12-02,2024-12-03,380,22,6,0.8804256654653908,1,0
703,171,2024-12-03,2024-12-04,185,44,5,0.5938612028461261,1,0
704,160,2024-12-04,2024-12-05,337,58,5,0.5441924734922594,0,0
705,138,2024-12-05,2024-12-06,324,36,5,0.8494744142436927,1,1
706,100,2024-12-06,2024-12-07,224,69,5,0.6841736068971757,0,0
707,102,2024-12-07,2024-12-08,486,77,3,0.7161731132016737,1,0
708,176,2024-12-08,2024-12-09,91,93,7,0.5155745463966955,0,1
709,191,2024-12-09,2024-12-10,232,31,6,0.6297882246375246,0,0
710,161,2024-12-10,2024-12-11,487,47,4,0.516838201937232,1,0
711,162,2024-12-11,2024-12-12,381,55,2,0.9395928863006238,1,1
712,124,2024-12-12,2024-12-13,432,80,9,0.6216983416092652,1,0
713,155,2024-12-13,2024-12-14,492,62,1,0.778668584786504,0,0
714,132,2024-12-14,2024-12-15,411,30,4,0.5194896603305652,1,0
715,137,2024-12-15,2024-12-16,452,55,1,0.833423695652829,1,0
716,105,2024-12-16,2024-12-17,499,16,6,0.661513672877047,0,0
717,157,2024-12-17,2024-12-18,112,12,4,0.9489595934788329,1,0
718,143,2024-12-18,2024-12-19,282,17,5,0.944059094467018,0,0
719,144,2024-12-19,2024-12-20,23,16,5,0.6626453091808739,1,0
720,131,2024-12-20,2024-12-21,168,12,9,0.950480447845234,0,0
721,144,2024-12-21,2024-12-22,161,8,1,0.9980788367493894,0,0
722,160,2024-12-22,2024-12-23,492,84,2,0.912707832061974,1,0
723,146,2024-12-23,2024-12-24,117,3,6,0.9224356738776145,0,0
724,120,2024-12-24,2024-12-25,197,16,5,0.624504368054545,1,0
725,179,2024-12-25,2024-12-26,310,30,7,0.7883511994288781,1,1
726,184,2024-12-26,2024-12-27,107,23,3,0.5336279569836839,0,0
727,174,2024-12-27,2024-12-28,140,92,3,0.5474589684108349,1,0
728,135,2024-12-28,2024-12-29,302,5,2,0.9994463060166453,0,0
729,198,2024-12-29,2024-12-30,180,84,3,0.6633196247129555,0,0
730,118,2024-12-30,2024-12-31,433,65,1,0.8740919560244231,0,1
731,119,2024-12-31,2025-01-01,483,30,5,0.9033325265134082,0,0
732,156,2025-01-01,2025-01-02,192,21,5,0.9290116355036147,0,1
733,117,2025-01-02,2025-01-03,480,84,7,0.9988141487010782,0,0
734,146,2025-01-03,2025-01-04,373,70,4,0.6207482426284339,0,0
735,148,2025-01-04,2025-01-05,48,22,3,0.5201754134298499,0,0
736,113,2025-01-05,2025-01-06,24,82,1,0.705595758997293,1,1
737,114,2025-01-06,2025-01-07,385,72,8,0.5650403349144735,1,0
738,130,2025-01-07,2025-01-08,13,32,3,0.5112129445810276,0,0
739,100,2025-01-08,2025-01-09,358,33,2,0.680213413570743,1,0
740,153,2025-01-09,2025-01-10,479,16,4,0.8918691255376182,1,0
741,102,2025-01-10,2025-01-11,418,76,3,0.7830903456125354,1,1
742,115,2025-01-11,2025-01-12,406,38,1,0.6563889946051771,1,0
743,186,2025-01-12,2025-01-13,219,98,3,0.8271710027463599,1,0
744,156,2025-01-13,2025-01-14,170,14,2,0.6160090901544053,1,0
745,174,2025-01-14,2025-01-15,25,36,8,0.5071907230360425,0,0
746,111,2025-01-15,2025-01-16,435,97,6,0.8821766932182137,1,1
747,173,2025-01-16,2025-01-17,117,23,9,0.8118715424320045,1,0
748,195,2025-01-17,2025-01-18,391,66,8,0.8811513122504799,1,0
749,115,2025-01-18,2025-01-19,459,85,3,0.5194690083438328,1,1
750,171,2025-01-19,2025-01-20,320,2,5,0.9185598139153262,0,0
751,175,2025-01-20,2025-01-21,236,91,7,0.8097631000181517,0,0
752,123,2025-01-21,2025-01-22,179,73,5,0.7816976753563201,0,0
753,127,2025-01-22,2025-01-23,43,65,8,0.8123070240572658,0,0
754,107,2025-01-23,2025-01-24,423,75,5,0.932216623434182,1,0
755,191,2025-01-24,2025-01-25,260,67,1,0.7934682532794535,0,1
756,135,2025-01-25,2025-01-26,256,52,5,0.7904751899440896,0,0
757,189,2025-01-26,2025-01-27,278,62,4,0.9953395785328829,0,0
758,107,2025-01-27,2025-01-28,150,23,6,0.878365083534284,0,1
759,157,2025-01-28,2025-01-29,283,26,3,0.7211469027255677,1,0
760,159,2025-01-29,2025-01-30,425,68,5,0.8536985000164639,0,0
761,149,2025-01-30,2025-01-31,105,82,2,0.6946152358458942,1,0
762,127,2025-01-31,2025-02-01,236,55,6,0.6144377312417495,0,1
763,191,2025-02-01,2025-02-02,388,6,6,0.7984259384438797,1,0
764,140,2025-02-02,2025-02-03,48,35,5,0.9640910490569757,1,0
765,199,2025-02-03,2025-02-04,311,22,6,0.9645697600077314,0,1
766,163,2025-02-04,2025-02-05,38,43,7,0.6709526390527452,0,0
767,126,2025-02-05,2025-02-06,455,15,5,0.7638387331108475,0,0
768,162,2025-02-06,2025-02-07,486,86,1,0.6058179492849306,0,1
769,116,2025-02-07,2025-02-08,327,60,8,0.9978155547494417,1,0
770,172,2025-02-08,2025-02-09,254,12,4,0.9905589539339679,1,0
771,132,2025-02-09,2025-02-10,245,49,9,0.8247544648537237,0,1
772,183,2025-02-10,2025-02-11,194,42,6,0.9022070298387367,0,0
773,176,2025-02-11,2025-02-12,281,38,1,0.85755008064185,1,0
774,191,2025-02-12,2025-02-13,449,82,3,0.7965791095197341,0,1
775,128,2025-02-13,2025-02-14,245,45,3,0.5266739984944488,1,1
776,112,2025-02-14,2025-02-15,248,35,4,0.7273821712763305,0,0
777,145,2025-02-15,2025-02-16,386,30,6,0.8373931510837053,1,0
778,134,2025-02-16,2025-02-17,275,88,7,0.8387658069418423,1,0
779,105,2025-02-17,2025-02-18,423,30,4,0.6865613092111917,1,0
780,181,2025-02-18,2025-02-19,418,78,6,0.9708459933290152,1,0
781,168,2025-02-19,2025-02-20,368,6,1,0.5836785161183905,1,0
782,146,2025-02-20,2025-02-21,349,67,8,0.7501797231077802,0,0
783,124,2025-02-21,2025-02-22,398,80,7,0.8454419882754114,1,0
784,165,2025-02-22,2025-02-23,74,7,9,0.8485679029459046,0,0
785,109,2025-02-23,2025-02-24,487,52,3,0.8243194783844078,1,0
786,155,2025-02-24,2025-02-25,186,14,2,0.6376441067259301,1,0
787,129,2025-02-25,2025-02-26,12,73,1,0.5781032843433109,0,0
788,104,2025-02-26,2025-02-27,438,15,3,0.8179701634133554,0,0
789,132,2025-02-27,2025-02-28,151,21,5,0.7996510580697189,0,0
790,164,2025-02-28,2025-03-01,385,35,2,0.5896780051446204,0,0
791,117,2025-03-01,2025-03-02,167,66,3,0.8525695727852817,1,0
792,195,2025-03-02,2025-03-03,333,91,4,0.7275859958668283,0,1
793,148,2025-03-03,2025-03-04,155,2,7,0.8338802958015765,1,0
794,110,2025-03-04,2025-03-05,455,35,3,0.9186835398850753,0,1
795,184,2025-03-05,2025-03-06,302,82,9,0.5848642142884616,0,0
796,125,2025-03-06,2025-03-07,162,78,8,0.5095724339984183,1,0
797,162,2025-03-07,2025-03-08,441,20,4,0.8895512931978934,1,1
798,188,2025-03-08,2025-03-09,202,82,1,0.804848712576308,0,0
799,185,2025-03-09,2025-03-10,446,10,1,0.8498197848110609,1,0
800,158,2025-03-10,2025-03-11,472,25,1,0.9190774874943213,1,0
801,126,2025-03-11,2025-03-12,82,66,1,0.9014054674122502,1,0
802,148,2025-03-12,2025-03-13,408,25,8,0.9804600734644123,1,0
803,176,2025-03-13,2025-03-14,314,54,3,0.7679675394260591,1,0
804,132,2025-03-14,2025-03-15,386,33,6,0.7442478163299526,1,0
805,197,2025-03-15,2025-03-16,353,36,3,0.700943599945365,1,0
806,198,2025-03-16,2025-03-17,461,95,5,0.5768455214221022,1,1
807,100,2025-03-17,2025-03-18,149,14,7,0.7863036164410112,0,0
808,120,2025-03-18,2025-03-19,196,65,2,0.6385062621629893,1,0
809,154,2025-03-19,2025-03-20,302,80,6,0.9606537561064877,0,1
810,105,2025-03-20,2025-03-21,70,54,6,0.7915954021385487,1,0
811,191,2025-03-21,2025-03-22,494,52,3,0.796420090254055,1,0
812,180,2025-03-22,2025-03-23,436,3,6,0.677462330438505,1,0
813,168,2025-03-23,2025-03-24,389,99,5,0.5259946759888537,1,0
814,194,2025-03-24,2025-03-25,207,41,2,0.5158718826864943,0,0
815,104,2025-03-25,2025-03-26,304,6,9,0.7116675720765988,0,0
816,102,2025-03-26,2025-03-27,449,25,8,0.542282689048619,1,1
817,152,2025-03-27,2025-03-28,328,13,3,0.8034234777700695,0,0
818,122,2025-03-28,2025-03-29,311,98,8,0.9404865028198287,1,0
819,152,2025-03-29,2025-03-30,353,8,9,0.9414574082593611,1,0
820,136,2025-03-30,2025-03-31,20,21,3,0.8295227050661163,0,0
821,173,2025-03-31,2025-04-01,71,98,3,0.6056159157364656,0,1
822,173,2025-04-01,2025-04-02,342,68,2,0.931498415679436,1,0
823,182,2025-04-02,2025-04-03,235,25,8,0.9430467176566041,1,0
824,116,2025-04-03,2025-04-04,162,79,1,0.5983267924764794,0,1
825,184,2025-04-04,2025-04-05,208,68,8,0.8687130428853387,1,0
826,177,2025-04-05,2025-04-06,61,45,7,0.6432597744635615,0,0
827,172,2025-04-06,2025-04-07,269,60,7,0.9013201561764648,1,0
828,100,2025-04-07,2025-04-08,68,12,3,0.9986189499518013,1,1
829,150,2025-04-08,2025-04-09,81,32,1,0.5150130026646964,0,0
830,144,2025-04-09,2025-04-10,157,96,4,0.948682932895466,0,1
831,176,2025-04-10,2025-04-11,358,92,9,0.8113152667993291,0,0
832,103,2025-04-11,2025-04-12,72,13,5,0.9866913095824106,1,0
833,161,2025-04-12,2025-04-13,319,31,1,0.7325047587632139,1,1
834,164,2025-04-13,2025-04-14,382,78,5,0.9236939652856868,1,0
835,131,2025-04-14,2025-04-15,252,20,8,0.5311970342991386,1,0
836,133,2025-04-15,2025-04-16,375,18,8,0.6676395250391478,0,0
837,191,2025-04-16,2025-04-17,339,93,5,0.533508268875605,1,0
838,194,2025-04-17,2025-04-18,116,60,9,0.9876715667395353,1,0
839,171,2025-04-18,2025-04-19,235,63,1,0.9084869536359184,1,0
840,138,2025-04-19,2025-04-20,322,6,4,0.9262737106229852,0,0
841,125,2025-04-20,2025-04-21,227,32,3,0.9689826157169471,1,0
842,133,2025-04-21,2025-04-22,434,93,2,0.5425517430598927,1,0
843,153,2025-04-22,2025-04-23,250,43,8,0.6927987962566666,0,0
844,102,2025-04-23,2025-04-24,268,2,7,0.535517444522001,1,0
845,149,2025-04-24,2025-04-25,385,60,9,0.6053965507750143,1,1
846,111,2025-04-25,2025-04-26,271,23,2,0.6146828885188362,0,0
847,164,2025-04-26,2025-04-27,14,83,4,0.7345536055237893,1,0
848,153,2025-04-27,2025-04-28,270,31,6,0.6342810837268213,1,1
849,104,2025-04-28,2025-04-29,63,5,3,0.5504890534088805,1,0
850,193,2025-04-29,2025-04-30,56,83,8,0.5837455445470539,0,1
851,193,2025-04-30,2025-05-01,224,34,3,0.5736377817760454,1,0
852,156,2025-05-01,2025-05-02,186,10,2,0.9865383989561491,1,0
853,116,2025-05-02,2025-05-03,18,89,3,0.8796462534592369,0,0
854,146,2025-05-03,2025-05-04,108,2,6,0.9838807326347809,0,0
855,122,2025-05-04,2025-05-05,29,11,2,0.7198702432539543,1,0
856,178,2025-05-05,2025-05-06,387,50,8,0.6391842408313283,1,0
857,184,2025-05-06,2025-05-07,250,31,1,0.8991465986045933,1,0
858,113,2025-05-07,2025-05-08,70,56,7,0.6631269590205734,1,0
859,165,2025-05-08,2025-05-09,388,79,2,0.6496916868526741,0,0
860,174,2025-05-09,2025-05-10,499,73,6,0.6162529961039156,1,0
861,150,2025-05-10,2025-05-11,428,87,2,0.5648394891121177,0,0
862,137,2025-05-11,2025-05-12,187,83,2,0.628231530508383,0,0
863,163,2025-05-12,2025-05-13,347,9,8,0.6776598742369438,1,1
864,197,2025-05-13,2025-05-14,71,99,2,0.8369971040728652,1,0
865,137,2025-05-14,2025-05-15,154,21,7,0.5312824211097258,0,1
866,149,2025-05-15,2025-05-16,225,73,3,0.6052534698326715,0,0
867,197,2025-05-16,2025-05-17,12,28,8,0.9045118201458382,1,0
868,181,2025-05-17,2025-05-18,169,62,7,0.5734609617918853,0,0
869,129,2025-05-18,2025-05-19,236,7,8,0.6713225732612608,1,0
870,178,2025-05-19,2025-05-20,495,80,7,0.93232946092907,1,0
871,190,2025-05-20,2025-05-21,278,16,6,0.5774626555717213,0,0
872,150,2025-05-21,2025-05-22,129,97,7,0.541368417809095,0,0
873,162,2025-05-22,2025-05-23,390,4,5,0.7422689975400054,1,0
874,197,2025-05-23,2025-05-24,98,4,7,0.6512097556392682,0,0
875,151,2025-05-24,2025-05-25,338,40,1,0.7817041822419271,1,0
876,137,2025-05-25,2025-05-26,77,17,1,0.9019024452417376,1,0
877,196,2025-05-26,2025-05-27,407,52,9,0.5685742440763716,1,1
878,187,2025-05-27,2025-05-28,366,93,5,0.7903495422771425,0,0
879,178,2025-05-28,2025-05-29,107,52,5,0.7527543801949319,1,0
880,129,2025-05-29,2025-05-30,276,36,3,0.5720393930065998,1,0
881,150,2025-05-30,2025-05-31,114,38,5,0.8119992427644912,1,0
882,180,2025-05-31,2025-06-01,449,50,3,0.6368202089303858,1,0
883,104,2025-06-01,2025-06-02,332,63,9,0.7439171592720062,1,0
884,128,2025-06-02,2025-06-03,132,63,9,0.5411361621385309,1,0
885,103,2025-06-03,2025-06-04,485,62,6,0.7297920286068116,1,0
886,109,2025-06-04,2025-06-05,38,99,1,0.6532317340214102,1,1
887,155,2025-06-05,2025-06-06,146,7,7,0.9111906055926772,1,1
888,116,2025-06-06,2025-06-07,204,27,7,0.5284893634986841,1,0
889,173,2025-06-07,2025-06-08,418,92,4,0.709303637459165,1,0
890,116,2025-06-08,2025-06-09,235,86,8,0.729215712065719,0,0
891,183,2025-06-09,2025-06-10,341,14,6,0.8625030381495593,1,0
892,187,2025-06-10,2025-06-11,179,71,4,0.7871437875451055,1,0
893,168,2025-06-11,2025-06-12,18,86,4,0.8336061685970906,1,0
894,133,2025-06-12,2025-06-13,472,5,2,0.8885246428258781,0,1
895,105,2025-06-13,2025-06-14,49,55,2,0.9311014868290943,1,0
896,152,2025-06-14,2025-06-15,34,2,4,0.6569377483612353,0,0
897,165,2025-06-15,2025-06-16,270,62,5,0.7690113526819515,1,0
898,176,2025-06-16,2025-06-17,404,91,8,0.9200540392195999,1,0
899,142,2025-06-17,2025-06-18,452,21,6,0.9947255654825282,0,0
900,174,2025-06-18,2025-06-19,235,79,4,0.9447596555218816,1,1
901,122,2025-06-19,2025-06-20,481,21,7,0.6857336313121885,0,0
902,154,2025-06-20,2025-06-21,133,10,8,0.5975832586093253,0,0
903,179,2025-06-21,2025-06-22,472,87,2,0.7446962687032943,1,0
904,194,2025-06-22,2025-06-23,47,58,7,0.8708207259180212,1,0
905,174,2025-06-23,2025-06-24,337,39,2,0.7462845353766487,1,0
906,115,2025-06-24,2025-06-25,260,5,2,0.7415904316568342,1,0
907,107,2025-06-25,2025-06-26,398,65,8,0.9191152105409003,0,0
908,103,2025-06-26,2025-06-27,185,13,2,0.6807018895335932,0,1
909,103,2025-06-27,2025-06-28,99,85,9,0.9298973374058228,1,0
910,155,2025-06-28,2025-06-29,411,90,1,0.7034024004758618,0,0
911,124,2025-06-29,2025-06-30,463,85,9,0.6641165528391697,0,0
912,166,2025-06-30,2025-07-01,46,53,1,0.7269949555998495,1,0
913,195,2025-07-01,2025-07-02,325,82,2,0.8812234793374343,0,0
914,166,2025-07-02,2025-07-03,185,45,6,0.5630010139319972,0,0
915,126,2025-07-03,2025-07-04,470,32,6,0.5982096079360086,1,0
916,192,2025-07-04,2025-07-05,293,36,1,0.975722412831546,0,0
917,131,2025-07-05,2025-07-06,462,81,7,0.5877458136906787,1,0
918,149,2025-07-06,2025-07-07,470,99,8,0.7838636589655272,0,1
919,160,2025-07-07,2025-07-08,90,60,2,0.7896572333309689,1,0
920,150,2025-07-08,2025-07-09,123,11,8,0.7448122310251224,0,0
921,118,2025-07-09,2025-07-10,49,63,9,0.8223726242884093,0,0
922,120,2025-07-10,2025-07-11,310,21,6,0.6149133628988093,1,1
923,104,2025-07-11,2025-07-12,233,52,5,0.776331133888374,1,0
924,181,2025-07-12,2025-07-13,327,55,9,0.6860866276234485,1,0
925,191,2025-07-13,2025-07-14,358,26,9,0.8308336298145945,1,0
926,141,2025-07-14,2025-07-15,124,68,1,0.5706117716865747,0,0
927,160,2025-07-15,2025-07-16,195,34,3,0.7854387084197381,0,0
928,121,2025-07-16,2025-07-17,332,52,9,0.5926351776916619,0,0
929,120,2025-07-17,2025-07-18,65,82,2,0.6393215315575183,1,0
930,169,2025-07-18,2025-07-19,49,99,4,0.6093549001617916,0,0
931,100,2025-07-19,2025-07-20,363,93,4,0.5914188899344086,0,0
932,104,2025-07-20,2025-07-21,49,52,2,0.9128554757803335,1,0
933,111,2025-07-21,2025-07-22,356,29,3,0.6428537838304451,1,0
934,189,2025-07-22,2025-07-23,470,38,3,0.9635618909322247,0,0
935,145,2025-07-23,2025-07-24,246,42,1,0.9849632626725955,1,1
936,133,2025-07-24,2025-07-25,298,21,6,0.7856302349685487,0,1
937,148,2025-07-25,2025-07-26,271,42,8,0.5715005613328632,0,1
938,177,2025-07-26,2025-07-27,225,13,3,0.6872741216897906,1,0
939,189,2025-07-27,2025-07-28,156,64,5,0.898866131674107,0,0
940,144,2025-07-28,2025-07-29,345,17,1,0.6836953643485353,1,0
941,126,2025-07-29,2025-07-30,177,9,7,0.5435086091513943,1,0
942,172,2025-07-30,2025-07-31,101,41,1,0.778392455464094,0,0
943,125,2025-07-31,2025-08-01,362,1,9,0.9225604257480173,0,0
944,146,2025-08-01,2025-08-02,68,2,8,0.8979631935717511,0,0
945,185,2025-08-02,2025-08-03,68,60,7,0.5875615700651766,1,0
946,155,2025-08-03,2025-08-04,313,48,7,0.8363823072062333,0,0
947,193,2025-08-04,2025-08-05,178,29,5,0.6102521317178236,1,1
948,162,2025-08-05,2025-08-06,278,97,5,0.6091037672760862,1,0
949,147,2025-08-06,2025-08-07,372,10,5,0.9370358866525925,0,0
950,160,2025-08-07,2025-08-08,54,58,1,0.624834476370115,1,1
951,180,2025-08-08,2025-08-09,354,60,8,0.6316236732590056,0,0
952,125,2025-08-09,2025-08-10,190,21,1,0.5003266953806498,0,0
953,135,2025-08-10,2025-08-11,179,28,4,0.9353345170627588,0,0
954,100,2025-08-11,2025-08-12,365,75,9,0.8962974066045674,0,0
955,107,2025-08-12,2025-08-13,200,34,9,0.813664467545339,0,1
956,198,2025-08-13,2025-08-14,164,8,5,0.8751328819694211,0,0
957,151,2025-08-14,2025-08-15,431,59,4,0.5760242837122459,0,0
958,178,2025-08-15,2025-08-16,197,86,3,0.7291617972937877,1,0
959,146,2025-08-16,2025-08-17,16,72,3,0.6756096936743905,0,0
960,155,2025-08-17,2025-08-18,142,49,5,0.5468882631285082,1,1
961,185,2025-08-18,2025-08-19,244,79,1,0.743065242607462,1,0
962,113,2025-08-19,2025-08-20,54,17,5,0.9603698251713177,1,0
963,189,2025-08-20,2025-08-21,323,60,6,0.5200295595253472,0,0
964,127,2025-08-21,2025-08-22,258,87,7,0.6457304567468969,1,0
965,186,2025-08-22,2025-08-23,40,88,9,0.6037704681028517,1,1
966,177,2025-08-23,2025-08-24,32,45,3,0.6190733268328481,0,0
967,187,2025-08-24,2025-08-25,435,83,2,0.9542172759396876,0,0
968,101,2025-08-25,2025-08-26,403,69,3,0.7340345271171451,1,0
969,125,2025-08-26,2025-08-27,169,32,9,0.7331497064699094,0,0
970,113,2025-08-27,2025-08-28,372,44,7,0.8802878212276412,0,0
971,158,2025-08-28,2025-08-29,446,65,9,0.5772461020024628,0,1
972,155,2025-08-29,2025-08-30,167,87,2,0.7436326770500254,0,0
973,106,2025-08-30,2025-08-31,48,8,5,0.7149926070605299,1,1
974,102,2025-08-31,2025-09-01,424,77,4,0.7984553452733281,0,0
975,122,2025-09-01,2025-09-02,91,72,2,0.9997788516252193,0,0
976,117,2025-09-02,2025-09-03,365,87,9,0.8847244470410236,0,0
977,137,2025-09-03,2025-09-04,267,43,9,0.6989328515087136,1,0
978,198,2025-09-04,2025-09-05,215,1,6,0.9137765261370234,1,1
979,114,2025-09-05,2025-09-06,86,51,6,0.5853541816562401,0,0
980,163,2025-09-06,2025-09-07,486,24,8,0.51523184315448,0,0
981,188,2025-09-07,2025-09-08,21,99,6,0.6022241862321365,1,0
982,127,2025-09-08,2025-09-09,304,24,1,0.6702057780571298,0,0
983,173,2025-09-09,2025-09-10,459,17,4,0.75529037872978,0,0
984,138,2025-09-10,2025-09-11,233,5,7,0.8075645702705999,1,0
985,156,2025-09-11,2025-09-12,22,20,2,0.9553028586072109,0,0
986,116,2025-09-12,2025-09-13,55,21,9,0.7549270047752288,0,0
987,185,2025-09-13,2025-09-14,164,58,8,0.7506378223128647,1,0
988,189,2025-09-14,2025-09-15,122,31,8,0.525121504911491,1,0
989,143,2025-09-15,2025-09-16,242,11,7,0.5174557763281119,0,0
990,124,2025-09-16,2025-09-17,26,52,4,0.775579980958186,1,0
991,116,2025-09-17,2025-09-18,369,15,2,0.7190893066241723,0,1
992,112,2025-09-18,2025-09-19,232,83,3,0.9195901974901493,0,0
993,183,2025-09-19,2025-09-20,363,7,6,0.5803397923559226,0,0
994,124,2025-09-20,2025-09-21,197,28,5,0.5124858310585247,1,0
995,167,2025-09-21,2025-09-22,457,51,8,0.724519383965063,1,0
996,109,2025-09-22,2025-09-23,353,58,6,0.6187392783761287,0,0
997,166,2025-09-23,2025-09-24,374,5,6,0.5248071866694187,0,0
998,117,2025-09-24,2025-09-25,172,5,1,0.8622991434238145,1,0
999,199,2025-09-25,2025-09-26,335,94,4,0.5557964999786238,1,0
1000,185,2025-09-26,2025-09-27,476,96,5,0.8041597500038858,1,0
